,message_id,media_type,text,subtitle_picture,date_message_sent,is_audio,is_photo,is_sticker,is_document,is_video_note,is_web-page,message_views,telegram_message_url,is_telegram_internal_message,date_message_edited
0,5379,,"Sigam o canal criado para divulgar o programa GUERRA DE INFORMA√á√ÉO:

https://www.instagram.com/guerradeinformacao",,2022-01-31 11:35:05,,,,,,,11373,https://t.me/AllanDosSantos/5379,,2022-01-31 11:37:52
1,5378,video,,,2022-01-31 09:08:17,,,,,,,16089,https://t.me/AllanDosSantos/5378,,2022-01-31 09:11:39
2,5377,video,,"Ottawa - Canad√° üá®üá¶ 
(Com temperatura de menos 21 graus) 
O ‚ÄúComboio da Liberdade‚Äù se reuniu e fez frente para exigir que o povo fosse ouvido ou ent√£o, que Trudeau renunciasse.",2022-01-31 09:01:27,,,,,,,15283,https://t.me/AllanDosSantos/5377,,2022-01-31 09:04:12
3,5376,web_page,"Chora, capa preta!

https://www.portalcidade.news/allan-dos-santos-esta-de-volta-e-tera-participacao-importante-no-primeiro-congresso-de-direita-em-altamira/",,2022-01-31 04:09:56,,,,,,"{
    ""_"": ""WebPage"",
    ""id"": ""397606481646810527"",
    ""url"": ""https://www.portalcidade.news/allan-dos-santos-esta-de-volta-e-tera-participacao-importante-no-primeiro-congresso-de-direita-em-altamira/"",
    ""display_url"": ""portalcidade.news/allan-dos-santos-esta-de-volta-e-tera-participacao-importante-no-primeiro-congresso-de-direita-em-altamira"",
    ""type"": ""photo"",
    ""site_name"": ""Portal Cidade News"",
    ""title"": ""Allan dos Santos est√° de volta: E ter√° participa√ß√£o importante no Primeiro Congresso de Direita em Altamira - Portal Cidade News"",
    ""description"": ""Ao lado de figuras importantes de direita, Allan ter√° uma participa√ß√£o, atrav√©s de videoconfer√™ncia, no ‚Äúprimeiro Congresso de Direita da Transamaz√¥nica e Xingu‚Äù, o evento ocorrer√° durante o dia 12 de mar√ßo, em Altamira, no Estado do Par√°.\n\n\n\nNa propaganda do evento, Allan aparece do lado de parlamentares como o famoso senador Zequinha Marinho do (PL-PA), e tamb√©m dos deputados Carlos"",
    ""photo"": {
        ""_"": ""Photo"",
        ""file_id"": ""AgACAgQAAxUAAWH4DnxOmmNTcqp9KRGXg2xD119KAALmqzEbTx-MUXGBXvM34MSdAAgBAAMCAAN4AAceBA"",
        ""file_unique_id"": ""AgAD5qsxG08fjFE"",
        ""width"": 727,
        ""height"": 382,
        ""file_size"": 49183,
        ""date"": ""2021-02-20 16:53:59""
    }
}",19488,https://t.me/AllanDosSantos/5376,,2022-01-31 04:10:34
4,5375,document,,"üóû JORNAL LEITURA EXPRESSA üáßüá∑

ANO II - SEMANAL
N√öMERO 05 - EDI√á√ÉO ESPECIAL
Data: 30/01 a 05/02/2022

Imprima e distribua na sua regi√£o.  

üóûüì±VERS√ÉO PARA IMPRIMIR E ACESSAR NO CELULAR
https://t.me/leituraexpressa/1612

Para imprimir - quatro folhas A4 frente e verso.

üîé Financie a publica√ß√£o de fatos! üîç

Contribua para a manuten√ß√£o do nosso trabalho.

PIX (TEL): 21-999-555-181

INSTITUTO BRASIL PELA LIBERDADE
BANCO DO BRASIL
AG√äNCIA: 2914-9
CONTA CORRENTE: 32517-1
CNPJ: 41.859.579/0001-20

üñ® Compartilhe, Imprima e distribua üñ®",2022-01-30 22:07:57,,,,"{
    ""_"": ""Document"",
    ""file_id"": ""BQACAgEAAx0CSpxV6QACFP9h-A58k-O-Uf2q1qgpMjA7ulevjgACkgEAAmHEuEd31E0to0F8Sx4E"",
    ""file_unique_id"": ""AgADkgEAAmHEuEc"",
    ""file_name"": ""JORNAL LEITURA EXPRESSA N¬∫ 05 EDI√á√ÉO ESPECIAL.pdf"",
    ""mime_type"": ""application/pdf"",
    ""file_size"": 3952322,
    ""date"": ""2022-01-30 18:45:04"",
    ""thumbs"": [
        {
            ""_"": ""Thumbnail"",
            ""file_id"": ""AAMCAQADHQJKnFXpAAIU_2H4DnyT475R_arWqCkyMDu6V6-OAAKSAQACYcS4R3fUTS2jQXxLAAgBAAdtAAceBA"",
            ""file_unique_id"": ""AgADkgEAAmHEuEc"",
            ""width"": 226,
            ""height"": 320,
            ""file_size"": 29307
        }
    ]
}",,,19317,https://t.me/AllanDosSantos/5375,,2022-01-30 22:08:52
5,5374,,"Creio que n√£o teria sentimento mais mesquinho do que querer para mim o que pertence a Ti, √≥ DEUS. O Prof. Olavo √© Seu, meu amado Senhor. √â imposs√≠vel n√£o se alegrar com a ida dele para o Seu seio paternal. S√≥ Vos imploro que eu n√£o me perca e termine perto de V√≥s.",,2022-01-30 19:47:27,,,,,,,19835,https://t.me/AllanDosSantos/5374,,2022-01-30 19:47:50
6,5373,,"S√≥ tenho boas lembran√ßas do meu professor, amigo, irm√£o na f√© e que hoje est√° ao lado do meu Senhor. As minhas l√°grimas est√£o sempre acompanhadas de um leve sorriso de quem v√™ um amigo terminando vitorioso uma batalha que ainda me falta muito para terminar.",,2022-01-30 19:44:59,,,,,,,19652,https://t.me/AllanDosSantos/5373,,2022-01-30 19:45:08
7,5372,,"Conversando com o Prof. Olavo sobre o quanto ainda tenho de aprender literatura e que jamais ningu√©m havia me ensinado essas coisas. Falei de um soneto em ingl√™s que estava tentando aprender a recitar, enquanto eu falava, ele recitou de cor o soneto 18 de Shakespeare que aprendera na inf√¢ncia. O mestre da minha l√≠ngua materna conhecia muito bem at√© a l√≠ngua anglo-sax√£. 

Shall I compare thee to a summer‚Äôs day?
Thou art more lovely and more temperate:
Rough winds do shake the darling buds of May,
And summer‚Äôs lease hath all too short a date;
Sometime too hot the eye of heaven shines,
And often is his gold complexion dimm'd;
And every fair from fair sometime declines,
By chance or nature‚Äôs changing course untrimm'd;
But thy eternal summer shall not fade,
Nor lose possession of that fair thou ow‚Äôst;
Nor shall death brag thou wander‚Äôst in his shade,
When in eternal lines to time thou grow‚Äôst:
¬†¬†¬†So long as men can breathe or eyes can see,
¬†¬†¬†So long lives this, and this gives life to thee.",,2022-01-30 19:43:02,,,,,,,19668,https://t.me/AllanDosSantos/5372,,2022-01-30 19:43:31
8,5371,,"‚ÄúEt ecce intus eras et ego foris et ibi te quaerebam, et in ista formosa quae fecisti deformis irruebam‚Ä¶‚Äù

1. Tarde Te amei, √≥ Beleza t√£o antiga e t√£o nova‚Ä¶ Tarde Te amei! Trinta anos estive longe de Deus. Mas, durante esse tempo, algo se movia dentro do meu cora√ß√£o‚Ä¶ Eu era inquieto, algu√©m que buscava a felicidade, buscava algo que n√£o achava‚Ä¶ Mas Tu Te compadeceste de mim e tudo mudou, porque Tu me deixaste conhecer-Te. Entrei no meu √≠ntimo sob a Tua Guia e consegui, porque Tu Te fizeste meu aux√≠lio.

2. Tu estavas dentro de mim e eu fora‚Ä¶ ‚ÄúOs homens saem para fazer passeios, a fim de admirar o alto dos montes, o ru√≠do incessante dos mares, o belo e ininterrupto curso dos rios, os majestosos movimentos dos astros. E, no entanto, passam ao largo de si mesmos. N√£o se arriscam na aventura de um passeio interior‚Äù. Durante os anos de minha juventude, pus meu cora√ß√£o em coisas exteriores que s√≥ faziam me afastar cada vez mais d‚ÄôAquele a Quem meu cora√ß√£o, sem saber, desejava‚Ä¶ Eis que estavas dentro e eu fora! Seguravam-me longe de Ti as coisas que n√£o existiriam sen√£o em Ti. Estavas comigo e n√£o eu Contigo‚Ä¶

3. Mas Tu me chamaste, clamaste por mim e Teu grito rompeu a minha surdez‚Ä¶ ‚ÄúFizeste-me entrar em mim mesmo‚Ä¶ Para n√£o olhar para dentro de mim, eu tinha me escondido. Mas Tu me arrancaste do meu esconderijo e me puseste diante de mim mesmo, a fim de que eu enxergasse o indigno que era, o qu√£o deformado, manchado e sujo eu estava‚Äù. Em meio √† luta, recorri a meu grande amigo Al√≠pio e lhe disse: ‚ÄúOs ignorantes nos arrebatam o c√©u e n√≥s, com toda a nossa ci√™ncia, nos debatemos em nossa carne‚Äù. Assim me encontrava, chorando desconsolado, enquanto perguntava a mim mesmo quando deixaria de dizer ‚ÄúAmanh√£, amanh√£‚Äù‚Ä¶ Foi ent√£o que escutei uma voz que vinha da casa vizinha‚Ä¶ Uma voz que dizia: ‚ÄúPega e l√™. Pega e l√™!‚Äù.

4. Brilhaste, resplandeceste sobre mim e afugentaste a minha cegueira. Ent√£o corri √† B√≠blia, abri-a e li o primeiro cap√≠tulo sobre o qual caiu o meu olhar. Pertencia √† carta de S√£o Paulo aos Romanos e dizia assim: ‚ÄúN√£o em orgias e bebedeiras, nem na devassid√£o e libertinagem, nem nas rixas e ci√∫mes. Mas revesti-vos do Senhor Jesus Cristo‚Äù (Rm 13,13s). Aquelas Palavras ressoaram dentro de mim. Pareciam escritas por uma pessoa que me conhecia, que sabia da minha vida.

5. Exalaste Teu Perfume e respirei. Agora suspiro por Ti, anseio por Ti! Deus‚Ä¶ de Quem separar-se √© morrer, de Quem aproximar-se √© ressuscitar, com Quem habitar √© viver. Deus‚Ä¶ de Quem fugir √© cair, a Quem voltar √© levantar-se, em Quem apoiar-se √© estar seguro. Deus‚Ä¶ a Quem esquecer √© perecer, a Quem buscar √© renascer, a Quem conhecer √© possuir. Foi assim que descobri a Deus e me dei conta de que, no fundo, era a Ele, mesmo sem saber, a Quem buscava ardentemente o meu cora√ß√£o.

6. Provei-Te, e, agora, tenho fome e sede de Ti. Tocaste-me, e agora ardo por Tua Paz. ‚ÄúDeus come√ßa a habitar em ti quando tu come√ßas a am√°-Lo‚Äù. Vi dentro de mim a Luz Imut√°vel, Forte e Brilhante! Quem conhece a Verdade conhece esta Luz. √ì Eterna Verdade! Verdadeira Caridade! Tu √©s o meu Deus! Por Ti suspiro dia e noite desde que Te conheci. E mostraste-me ent√£o Quem eras. E irradiaste sobre mim a Tua For√ßa dando-me o Teu Amor!

7. E agora, Senhor, s√≥ amo a Ti! S√≥ sigo a Ti! S√≥ busco a Ti! S√≥ ardo por Ti!‚Ä¶
8. Tarde te amei! Tarde Te amei, √≥ Beleza t√£o antiga e t√£o nova! Tarde demais eu Te amei! Eis que estavas dentro, e eu, fora ‚Äì e fora Te buscava, e me lan√ßava, disforme e nada belo, perante a beleza de tudo e de todos que criaste. Estavas comigo, e eu n√£o estava Contigo‚Ä¶ Seguravam-me longe de Ti as coisas que n√£o existiriam sen√£o em Ti. Chamaste, clamaste por mim e rompeste a minha surdez. Brilhaste, resplandeceste, e a Tua Luz afugentou minha cegueira. Exalaste o Teu Perfume e, respirando-o, suspirei por Ti, Te desejei. Eu Te provei, Te saboreei e, agora, tenho fome e sede de Ti. Tocaste-me e agora ardo em desejos por Tua Paz!

Santo Agostinho, Confiss√µes 10, 27-29",,2022-01-30 19:27:57,,,,,,,19149,https://t.me/AllanDosSantos/5371,,2022-01-30 19:28:21
9,5370,,"‚ÄúO escrupuloso tende a transformar a admira√ß√£o em murmura√ß√£o detrat√≥ria, pois n√£o suporta ver nos outros alguns defeitos que o seu ideal de perfei√ß√£o absoluta considera intoler√°veis. Que ele tamb√©m abomine ver em si mesmo tais defeitos √© apenas o sintoma moral de que os seus escr√∫pulos s√£o alimentados pela soberba.

O escrupuloso admira nas pessoas n√£o o que elas realmente s√£o, mas o fantasma de pureza infact√≠vel que ele gostaria de ser.

O seu orgulho tem a plumagem enganadora de um augusto modelo de conduta.‚Äù

Sidney Silveira",,2022-01-30 16:58:52,,,,,,,19870,https://t.me/AllanDosSantos/5370,,2022-01-30 16:59:12
